first_name,last_name,email,gender,department
Filberto,Pavlovic,fpavlovic0@nifty.com,Male,Human Resources
Lowell,Thewlis,lthewlis1@japanpost.jp,Male,Human Resources
Sandy,Keenan,skeenan2@wufoo.com,Male,Legal
Johnathan,Woolston,jwoolston3@state.tx.us,Male,Training
Reid,Maggorini,rmaggorini4@last.fm,Male,Business Development
Inglebert,Mellmer,imellmer5@clickbank.net,Male,Product Management
Caprice,Geldart,cgeldart6@ft.com,Female,Sales
Brandy,Riccardelli,briccardelli7@washingtonpost.com,Male,Sales
Blythe,Porrett,bporrett8@flavors.me,Female,Marketing
Donetta,Mewitt,dmewitt9@deviantart.com,Female,Engineering
Bobbie,Milsted,bmilsteda@godaddy.com,Male,Engineering
Cyb,Embleton,cembletonb@sphinn.com,Female,Research and Development
Lionello,Loughhead,lloughheadc@ameblo.jp,Male,Business Development
Jedd,Dell'Abbate,jdellabbated@nih.gov,Male,Human Resources
Selle,Loughlin,sloughline@mit.edu,Female,Legal
Devin,Birchner,dbirchnerf@about.com,Female,Legal
Tull,Fordy,tfordyg@princeton.edu,Male,Training
Mahmoud,Roads,mroadsh@people.com.cn,Male,Training
Saba,Shiliton,sshilitoni@nih.gov,Female,Support
Delmer,Blackly,dblacklyj@baidu.com,Male,Services
Lincoln,Harman,lharmank@hhs.gov,Male,Business Development
Royal,Ulyat,rulyatl@hc360.com,Male,Sales
Yorgo,Daynter,ydaynterm@google.com.br,Male,Sales
Mignon,Jagiela,mjagielan@sfgate.com,Female,Business Development
Adrienne,Blackbourn,ablackbourno@yandex.ru,Female,Legal
Conway,Malafe,cmalafep@weather.com,Male,Training
Kenton,Batkin,kbatkinq@php.net,Male,Engineering
Skipton,Bremond,sbremondr@ebay.com,Male,Business Development
Lind,Smidmoor,lsmidmoors@barnesandnoble.com,Female,Marketing
Kele,Bembrigg,kbembriggt@elegantthemes.com,Male,Research and Development
Claudian,Archibold,carchiboldu@tamu.edu,Male,Human Resources
Anson,Vines,avinesv@rediff.com,Male,Legal
Arnold,Healeas,ahealeasw@shutterfly.com,Male,Engineering
Sher,Lindstrom,slindstromx@icio.us,Female,Training
Sebastien,Pond,spondy@yolasite.com,Male,Support
Bartholomeo,Smaile,bsmailez@purevolume.com,Male,Support
Joana,Allbut,jallbut10@desdev.cn,Female,Support
Petronille,Nevinson,pnevinson11@google.com.br,Female,Human Resources
Coleman,Bohman,cbohman12@purevolume.com,Male,Engineering
Kingsly,Entwhistle,kentwhistle13@imageshack.us,Male,Support
Lindy,Pocknoll,lpocknoll14@buzzfeed.com,Female,Marketing
Ado,Daout,adaout15@bbb.org,Male,Research and Development
Delila,Summons,dsummons16@miitbeian.gov.cn,Female,Accounting
Hamid,Van der Velde,hvandervelde17@wikipedia.org,Male,Human Resources
Georg,Margrem,gmargrem18@virginia.edu,Male,Training
Inigo,McCully,imccully19@weather.com,Male,Engineering
Berkley,Longhorne,blonghorne1a@free.fr,Male,Support
Tedra,Lodwick,tlodwick1b@etsy.com,Female,Product Management
Taryn,Greedy,tgreedy1c@phoca.cz,Female,Sales
Mirella,Gheorghie,mgheorghie1d@uol.com.br,Female,Training
Jorey,Lehrian,jlehrian1e@businessinsider.com,Female,Services
Joanna,Halegarth,jhalegarth1f@sogou.com,Female,Legal
Nadine,Noonan,nnoonan1g@i2i.jp,Female,Support
Phil,Midford,pmidford1h@soundcloud.com,Male,Sales
Dedra,Stepto,dstepto1i@mozilla.com,Female,Product Management
Katerine,Halgarth,khalgarth1j@youtu.be,Female,Marketing
Bree,Stannus,bstannus1k@flavors.me,Female,Research and Development
Farlie,Featherston,ffeatherston1l@hexun.com,Male,Product Management
Marius,Doig,mdoig1m@tuttocitta.it,Male,Research and Development
Caryl,Tomasini,ctomasini1n@multiply.com,Female,Legal
Baxie,Freeman,bfreeman1o@imgur.com,Male,Engineering
Sophie,Yerborn,syerborn1p@miibeian.gov.cn,Female,Human Resources
Bradley,Hampton,bhampton1q@archive.org,Male,Sales
Paulina,Mewrcik,pmewrcik1r@auda.org.au,Female,Sales
Adrea,Prantl,aprantl1s@tmall.com,Female,Research and Development
Rossie,Sturney,rsturney1t@imageshack.us,Male,Marketing
Karole,Atchly,katchly1u@blinklist.com,Female,Accounting
Nell,Peet,npeet1v@simplemachines.org,Female,Business Development
Hubert,Valentino,hvalentino1w@netscape.com,Male,Engineering
Geoff,Storrie,gstorrie1x@cbc.ca,Male,Support
Rodge,Cavilla,rcavilla1y@google.ru,Male,Accounting
Cameron,Monkton,cmonkton1z@mediafire.com,Male,Accounting
Russell,Povele,rpovele20@economist.com,Male,Product Management
Helyn,Sam,hsam21@yale.edu,Female,Marketing
Hayward,MacClancey,hmacclancey22@intel.com,Male,Product Management
Johann,Keniwell,jkeniwell23@forbes.com,Male,Human Resources
Padget,Aickin,paickin24@gnu.org,Male,Marketing
Yetty,Downs,ydowns25@webmd.com,Female,Training
Madlin,Seldon,mseldon26@mapquest.com,Female,Sales
Adina,Treeby,atreeby27@washingtonpost.com,Female,Product Management
Erroll,Goldhill,egoldhill28@myspace.com,Male,Accounting
Cortie,Rumney,crumney29@artisteer.com,Male,Business Development
Alix,Goakes,agoakes2a@mlb.com,Male,Services
Myron,Livick,mlivick2b@army.mil,Male,Sales
Cello,Brushfield,cbrushfield2c@yellowbook.com,Male,Engineering
Daron,Hewins,dhewins2d@utexas.edu,Male,Marketing
Della,Myhill,dmyhill2e@last.fm,Female,Business Development
Torey,Laise,tlaise2f@dropbox.com,Male,Business Development
Zacharia,Orniz,zorniz2g@youtu.be,Male,Research and Development
Jesus,Toft,jtoft2h@npr.org,Male,Services
Rafaelita,Ivatt,rivatt2i@myspace.com,Female,Product Management
Barrett,McPharlain,bmcpharlain2j@devhub.com,Male,Engineering
Bev,Roubert,broubert2k@barnesandnoble.com,Female,Human Resources
Wendel,Derby,wderby2l@ifeng.com,Male,Sales
Sullivan,MacIntyre,smacintyre2m@cdbaby.com,Male,Legal
Jennine,Lober,jlober2n@edublogs.org,Female,Training
Babette,Kloss,bkloss2o@xing.com,Female,Training
Vassily,Minucci,vminucci2p@jalbum.net,Male,Business Development
Ramsey,Larmour,rlarmour2q@marketwatch.com,Male,Research and Development
Felipa,Bravey,fbravey2r@paypal.com,Female,Support
Cherlyn,Ilott,cilott2s@hostgator.com,Female,Training
Buddy,McAvinchey,bmcavinchey2t@360.cn,Male,Legal
Riannon,Championnet,rchampionnet2u@ifeng.com,Female,Engineering
Leland,Bowfin,lbowfin2v@msu.edu,Female,Services
Red,Rusted,rrusted2w@rambler.ru,Male,Support
Xenos,McKay,xmckay2x@facebook.com,Male,Training
Delphinia,Tabour,dtabour2y@disqus.com,Female,Support
Vina,Smidmor,vsmidmor2z@ebay.co.uk,Female,Services
Haroun,Kellart,hkellart30@booking.com,Male,Human Resources
Annora,Ullock,aullock31@qq.com,Female,Research and Development
Lance,Brimson,lbrimson32@cocolog-nifty.com,Male,Accounting
Malinde,Bougen,mbougen33@nature.com,Female,Human Resources
Tami,Joscelin,tjoscelin34@posterous.com,Female,Business Development
Barri,Paniman,bpaniman35@nytimes.com,Male,Sales
Gustie,Skingley,gskingley36@shutterfly.com,Female,Marketing
Lon,Honsch,lhonsch37@sohu.com,Male,Services
Rafaello,Hilldrop,rhilldrop38@hao123.com,Male,Training
Willem,Caccavale,wcaccavale39@naver.com,Male,Marketing
Stewart,Skotcher,sskotcher3a@soundcloud.com,Male,Business Development
Henrieta,Luchetti,hluchetti3b@nba.com,Female,Marketing
Chaddy,Stopford,cstopford3c@parallels.com,Male,Services
Stanfield,Tort,stort3d@addthis.com,Male,Engineering
Janeva,Peasgood,jpeasgood3e@army.mil,Female,Services
Rolando,Rothert,rrothert3f@hc360.com,Male,Legal
Evie,Bellenie,ebellenie3g@bandcamp.com,Female,Support
Sterne,Soonhouse,ssoonhouse3h@techcrunch.com,Male,Research and Development
Evan,Verner,everner3i@redcross.org,Male,Sales
Sterne,Hlavecek,shlavecek3j@istockphoto.com,Male,Business Development
Gorden,Fransman,gfransman3k@51.la,Male,Sales
Richardo,Danielsson,rdanielsson3l@studiopress.com,Male,Human Resources
Kora,Marchington,kmarchington3m@tamu.edu,Female,Research and Development
Flynn,Goding,fgoding3n@addtoany.com,Male,Training
Pamelina,Morrad,pmorrad3o@wordpress.com,Female,Accounting
Steve,Warrack,swarrack3p@hao123.com,Male,Human Resources
Bethena,Sakins,bsakins3q@4shared.com,Female,Training
Sue,Hanretty,shanretty3r@tmall.com,Female,Business Development
Ruperta,Bazoge,rbazoge3s@narod.ru,Female,Research and Development
Angy,Heiner,aheiner3t@wix.com,Female,Sales
Fax,McNair,fmcnair3u@ft.com,Male,Engineering
Gaven,Samart,gsamart3v@storify.com,Male,Human Resources
Stephannie,Poter,spoter3w@joomla.org,Female,Support
Mora,Moulton,mmoulton3x@illinois.edu,Female,Training
Dawn,Pocklington,dpocklington3y@boston.com,Female,Training
Lyman,Binden,lbinden3z@google.fr,Male,Services
Danyelle,Lejeune,dlejeune40@hao123.com,Female,Training
Merrile,Ellams,mellams41@linkedin.com,Female,Marketing
Drucy,Moreno,dmoreno42@wsj.com,Female,Support
Gipsy,Severwright,gseverwright43@comsenz.com,Female,Sales
Scott,Starr,sstarr44@sina.com.cn,Male,Support
Kamila,Huby,khuby45@google.es,Female,Accounting
Philbert,Mellish,pmellish46@feedburner.com,Male,Human Resources
Martino,Pittford,mpittford47@taobao.com,Male,Business Development
Willy,Karpinski,wkarpinski48@pen.io,Male,Product Management
Eugenie,Klossmann,eklossmann49@wikipedia.org,Female,Engineering
Rosaline,Teanby,rteanby4a@hud.gov,Female,Human Resources
Pen,Swannick,pswannick4b@yelp.com,Male,Support
Page,Clowney,pclowney4c@stanford.edu,Female,Business Development
Kerri,Bickers,kbickers4d@amazon.co.jp,Female,Services
Pate,Gentric,pgentric4e@smugmug.com,Male,Human Resources
Corette,Peers,cpeers4f@storify.com,Female,Product Management
Mozelle,Freeth,mfreeth4g@cbc.ca,Female,Accounting
Rodolphe,Mingo,rmingo4h@hugedomains.com,Male,Research and Development
Bondon,Vallender,bvallender4i@so-net.ne.jp,Male,Accounting
Diana,Tillman,dtillman4j@tinyurl.com,Female,Support
Harmonie,Lattos,hlattos4k@jimdo.com,Female,Accounting
Ernest,Maffini,emaffini4l@twitter.com,Male,Sales
Mommy,Fouldes,mfouldes4m@is.gd,Female,Marketing
Wilhelmina,Carryer,wcarryer4n@google.fr,Female,Product Management
Halsy,Shwalbe,hshwalbe4o@npr.org,Male,Legal
Dacia,Charlewood,dcharlewood4p@t.co,Female,Sales
Garrett,Chazier,gchazier4q@skyrock.com,Male,Training
Alair,Tiplady,atiplady4r@ebay.com,Male,Support
Dallon,Heckle,dheckle4s@yahoo.co.jp,Male,Services
Osmond,Maxted,omaxted4t@mozilla.com,Male,Support
Marcie,Kynson,mkynson4u@mashable.com,Female,Human Resources
Kamila,De Giorgio,kdegiorgio4v@adobe.com,Female,Training
Kinsley,Fairholme,kfairholme4w@nps.gov,Male,Accounting
Boote,Riach,briach4x@geocities.com,Male,Business Development
Ursula,Galliver,ugalliver4y@sfgate.com,Female,Accounting
Desmund,Schlagman,dschlagman4z@google.com.au,Male,Accounting
Ophelia,Jope,ojope50@washington.edu,Female,Services
Gianni,Hadgkiss,ghadgkiss51@loc.gov,Male,Human Resources
Shirley,Prazor,sprazor52@dropbox.com,Female,Human Resources
Wakefield,Hatt,whatt53@tripod.com,Male,Services
Rodolphe,McParlin,rmcparlin54@deviantart.com,Male,Legal
Rolland,Cathie,rcathie55@skype.com,Male,Marketing
Paton,Edden,pedden56@imdb.com,Male,Marketing
Jodee,Hyndman,jhyndman57@desdev.cn,Female,Business Development
Langsdon,Sellack,lsellack58@over-blog.com,Male,Sales
Salomi,Brickstock,sbrickstock59@skyrock.com,Female,Business Development
Margaux,Morten,mmorten5a@sbwire.com,Female,Services
Cody,Pandey,cpandey5b@rediff.com,Male,Marketing
Gustie,Muck,gmuck5c@patch.com,Female,Product Management
Yalonda,Marzelo,ymarzelo5d@prlog.org,Female,Product Management
Lazaro,Lates,llates5e@xrea.com,Male,Accounting
Dun,Stoeck,dstoeck5f@elpais.com,Male,Product Management
Abram,Holburn,aholburn5g@scribd.com,Male,Engineering
Phyllis,Behneke,pbehneke5h@yahoo.co.jp,Female,Business Development
Keefer,Roddam,kroddam5i@dion.ne.jp,Male,Business Development
Cody,Westover,cwestover5j@cpanel.net,Male,Legal
Elsy,Gabbatt,egabbatt5k@dropbox.com,Female,Training
Quinn,Cottier,qcottier5l@epa.gov,Male,Marketing
Lem,Currall,lcurrall5m@mlb.com,Male,Research and Development
Frasier,Scrafton,fscrafton5n@feedburner.com,Male,Services
Roger,Jaggar,rjaggar5o@bizjournals.com,Male,Business Development
Willow,Kewzick,wkewzick5p@marriott.com,Female,Accounting
Thalia,Bridger,tbridger5q@google.com.hk,Female,Services
Osmond,Schruur,oschruur5r@tumblr.com,Male,Research and Development
Rafa,Gypps,rgypps5s@tamu.edu,Female,Product Management
Lisle,Metrick,lmetrick5t@google.de,Male,Research and Development
Burch,Girodias,bgirodias5u@pbs.org,Male,Research and Development
Sandro,Bernollet,sbernollet5v@cmu.edu,Male,Research and Development
Rafaello,Domelaw,rdomelaw5w@aboutads.info,Male,Product Management
Nydia,Saunier,nsaunier5x@sphinn.com,Female,Product Management
Damon,Newby,dnewby5y@delicious.com,Male,Training
Drusie,Gowanson,dgowanson5z@lycos.com,Female,Accounting
Zita,Vassman,zvassman60@about.com,Female,Sales
Cassandre,Jermin,cjermin61@time.com,Female,Sales
Van,Haslewood,vhaslewood62@cpanel.net,Male,Marketing
Ludovico,Isakovic,lisakovic63@infoseek.co.jp,Male,Business Development
Doroteya,Resdale,dresdale64@opensource.org,Female,Marketing
Chase,McKerron,cmckerron65@edublogs.org,Male,Legal
Rhianna,Bartolomeu,rbartolomeu66@t.co,Female,Business Development
Ralina,Ambrosi,rambrosi67@economist.com,Female,Accounting
Georgianna,McGragh,gmcgragh68@ibm.com,Female,Sales
Karlen,Werndley,kwerndley69@ow.ly,Female,Sales
Daron,Shearn,dshearn6a@cocolog-nifty.com,Male,Business Development
Barbara-anne,Depport,bdepport6b@geocities.jp,Female,Legal
Cordy,Corney,ccorney6c@sphinn.com,Female,Marketing
Othilie,Manoelli,omanoelli6d@google.fr,Female,Product Management
Ely,Torfin,etorfin6e@census.gov,Male,Legal
Alec,Delf,adelf6f@vinaora.com,Male,Business Development
Camilla,Handaside,chandaside6g@state.tx.us,Female,Services
Pierre,Wippermann,pwippermann6h@jiathis.com,Male,Legal
Gardener,Kingscote,gkingscote6i@google.co.uk,Male,Research and Development
Windy,Tremelling,wtremelling6j@google.com.br,Female,Services
Delcine,Fryer,dfryer6k@mozilla.com,Female,Accounting
Rosanne,Rawsthorne,rrawsthorne6l@omniture.com,Female,Legal
Indira,Lindermann,ilindermann6m@wordpress.org,Female,Support
Connie,Kunkel,ckunkel6n@plala.or.jp,Male,Product Management
Anderson,Giorgetti,agiorgetti6o@cpanel.net,Male,Sales
Poppy,Lillegard,plillegard6p@va.gov,Female,Research and Development
Marjy,Jerrems,mjerrems6q@yahoo.co.jp,Female,Business Development
Marnia,Sherel,msherel6r@parallels.com,Female,Support
Herc,MacCahey,hmaccahey6s@va.gov,Male,Marketing
Saleem,Legendre,slegendre6t@rakuten.co.jp,Male,Human Resources
Gar,Gothliff,ggothliff6u@latimes.com,Male,Accounting
Drusy,Cullagh,dcullagh6v@unc.edu,Female,Accounting
Tedman,Fawthrop,tfawthrop6w@bravesites.com,Male,Sales
Jenelle,Gallimore,jgallimore6x@cargocollective.com,Female,Support
Butch,Shobrook,bshobrook6y@oaic.gov.au,Male,Legal
Magnum,Kindleysides,mkindleysides6z@w3.org,Male,Training
Merle,Heakey,mheakey70@indiatimes.com,Male,Research and Development
Jaclyn,Bagguley,jbagguley71@eventbrite.com,Female,Engineering
Mireielle,Adan,madan72@netvibes.com,Female,Research and Development
Englebert,Gercken,egercken73@pen.io,Male,Services
Carleen,Peltzer,cpeltzer74@delicious.com,Female,Training
Sloane,Stolz,sstolz75@mysql.com,Male,Business Development
Tadeo,McKevitt,tmckevitt76@spiegel.de,Male,Human Resources
Gordie,Bushell,gbushell77@buzzfeed.com,Male,Engineering
Lanette,Brisbane,lbrisbane78@jigsy.com,Female,Research and Development
Charles,Gilder,cgilder79@archive.org,Male,Marketing
Rodina,McPharlain,rmcpharlain7a@taobao.com,Female,Training
Regan,Ricardet,rricardet7b@blogtalkradio.com,Male,Support
Kenton,Tonkin,ktonkin7c@theglobeandmail.com,Male,Legal
Randi,Toop,rtoop7d@themeforest.net,Male,Accounting
Michele,Cowser,mcowser7e@odnoklassniki.ru,Female,Business Development
Libbi,Elcom,lelcom7f@ameblo.jp,Female,Product Management
Constancia,Jacobsen,cjacobsen7g@accuweather.com,Female,Training
Tasha,Ambrodi,tambrodi7h@liveinternet.ru,Female,Human Resources
Hans,Sallan,hsallan7i@wsj.com,Male,Business Development
Katya,Whitloe,kwhitloe7j@npr.org,Female,Training
Silvan,Breslane,sbreslane7k@nyu.edu,Male,Sales
Marietta,Tomczynski,mtomczynski7l@goo.gl,Female,Training
Mufi,Brun,mbrun7m@freewebs.com,Female,Marketing
Si,Brevitt,sbrevitt7n@stanford.edu,Male,Support
Thornton,Shawdforth,tshawdforth7o@altervista.org,Male,Research and Development
Lissie,Averill,laverill7p@usnews.com,Female,Support
Winne,Grove,wgrove7q@huffingtonpost.com,Female,Sales
Amelia,Nail,anail7r@wired.com,Female,Research and Development
Shayne,Baillie,sbaillie7s@mozilla.org,Male,Engineering
Hillel,Woolf,hwoolf7t@bravesites.com,Male,Business Development
Derick,Froome,dfroome7u@t-online.de,Male,Engineering
Dulsea,McPhillips,dmcphillips7v@de.vu,Female,Engineering
Ryan,Deener,rdeener7w@mtv.com,Male,Human Resources
Cross,Tzar,ctzar7x@webeden.co.uk,Male,Support
Agna,Deniset,adeniset7y@sohu.com,Female,Services
Catlaina,Sowerbutts,csowerbutts7z@51.la,Female,Human Resources
Bobina,Jennaway,bjennaway80@biblegateway.com,Female,Human Resources
Hoyt,Purcer,hpurcer81@ebay.com,Male,Engineering
Reyna,Cannell,rcannell82@gov.uk,Female,Engineering
Giraud,Rabier,grabier83@t.co,Male,Support
Nikoletta,Duffil,nduffil84@illinois.edu,Female,Accounting
Farly,Cockayne,fcockayne85@mediafire.com,Male,Legal
Ruperto,Hanniger,rhanniger86@state.tx.us,Male,Engineering
Kenny,Bewsey,kbewsey87@sakura.ne.jp,Male,Engineering
Marybeth,Pisculli,mpisculli88@symantec.com,Female,Services
Griffy,Allridge,gallridge89@mozilla.org,Male,Business Development
Kiley,Kunzel,kkunzel8a@imdb.com,Male,Legal
Benjy,Cubley,bcubley8b@ycombinator.com,Male,Sales
Ursa,Durtnal,udurtnal8c@soup.io,Female,Support
Win,Kniveton,wkniveton8d@fema.gov,Male,Product Management
Jory,Pervew,jpervew8e@zimbio.com,Male,Product Management
Valentine,Overell,voverell8f@youku.com,Female,Support
Jareb,Naisbitt,jnaisbitt8g@ebay.com,Male,Product Management
Eddie,Sothcott,esothcott8h@icq.com,Female,Accounting
Ursuline,Vawton,uvawton8i@oaic.gov.au,Female,Services
Ashly,Bissex,abissex8j@who.int,Female,Legal
Chris,Dallicoat,cdallicoat8k@wired.com,Male,Engineering
Cass,Hessenthaler,chessenthaler8l@barnesandnoble.com,Male,Accounting
Jaine,Wychard,jwychard8m@ovh.net,Female,Engineering
Betta,Innman,binnman8n@usa.gov,Female,Engineering
Erskine,McGrah,emcgrah8o@google.com.au,Male,Research and Development
Bessie,Boddie,bboddie8p@rediff.com,Female,Support
Filmore,Ponnsett,fponnsett8q@netvibes.com,Male,Training
Dedra,McGeachie,dmcgeachie8r@myspace.com,Female,Support
Erroll,Janeczek,ejaneczek8s@hubpages.com,Male,Business Development
West,Pierse,wpierse8t@istockphoto.com,Male,Research and Development
Basil,Blamey,bblamey8u@twitpic.com,Male,Services
Rolf,Bubear,rbubear8v@blogs.com,Male,Product Management
Dalis,Gilliatt,dgilliatt8w@rakuten.co.jp,Male,Services
Gery,Gerretsen,ggerretsen8x@drupal.org,Male,Business Development
Berne,Bensen,bbensen8y@ted.com,Male,Product Management
Pat,Pawlowicz,ppawlowicz8z@accuweather.com,Male,Training
Sherri,Benaine,sbenaine90@people.com.cn,Female,Research and Development
Krystal,Van Leeuwen,kvanleeuwen91@cnet.com,Female,Services
Stillmann,Dory,sdory92@google.pl,Male,Support
Ally,Blight,ablight93@tumblr.com,Female,Human Resources
Malissa,Malshinger,mmalshinger94@army.mil,Female,Training
Mauricio,Kindle,mkindle95@imageshack.us,Male,Legal
Georgy,Gosnell,ggosnell96@discuz.net,Male,Services
Barbette,Elecum,belecum97@uiuc.edu,Female,Training
Shelly,O'Crevy,socrevy98@dot.gov,Female,Business Development
Kelci,Holworth,kholworth99@w3.org,Female,Services
Rutter,Blint,rblint9a@blinklist.com,Male,Engineering
Alli,Haggerty,ahaggerty9b@twitpic.com,Female,Product Management
Lesli,Freen,lfreen9c@smugmug.com,Female,Product Management
Stace,Blincoe,sblincoe9d@unblog.fr,Female,Sales
Chas,Deny,cdeny9e@wordpress.org,Male,Human Resources
Cosette,Ilbert,cilbert9f@google.pl,Female,Business Development
Sherri,Ewbank,sewbank9g@archive.org,Female,Services
Artus,Loveland,aloveland9h@wunderground.com,Male,Legal
Mahmud,Potebury,mpotebury9i@globo.com,Male,Research and Development
Margarete,Davidovitch,mdavidovitch9j@skyrock.com,Female,Business Development
Cassie,Feaver,cfeaver9k@google.cn,Male,Research and Development
Dasie,Laviste,dlaviste9l@icio.us,Female,Sales
Hamel,Conrad,hconrad9m@mozilla.com,Male,Research and Development
Dottie,Milbourne,dmilbourne9n@imageshack.us,Female,Sales
Tybalt,Haggish,thaggish9o@seesaa.net,Male,Human Resources
Nettie,Massinger,nmassinger9p@mtv.com,Female,Research and Development
Cosmo,Baskeyfied,cbaskeyfied9q@theglobeandmail.com,Male,Services
Herculie,Scala,hscala9r@addthis.com,Male,Legal
Judas,Beckhouse,jbeckhouse9s@va.gov,Male,Support
Harley,Dibling,hdibling9t@nbcnews.com,Female,Services
Dannel,Huffa,dhuffa9u@ted.com,Male,Product Management
Tallou,Alu,talu9v@shutterfly.com,Female,Training
Aldus,Hacard,ahacard9w@macromedia.com,Male,Research and Development
Lulita,Kidsley,lkidsley9x@meetup.com,Female,Human Resources
Harriette,Fosdike,hfosdike9y@answers.com,Female,Product Management
Florette,Enga,fenga9z@howstuffworks.com,Female,Legal
Julie,Cocking,jcockinga0@vistaprint.com,Female,Services
Cale,Symonds,csymondsa1@marketwatch.com,Male,Sales
Gene,Futcher,gfutchera2@toplist.cz,Male,Engineering
Niven,Balog,nbaloga3@soup.io,Male,Support
Jesus,McCafferty,jmccaffertya4@narod.ru,Male,Support
Cecile,Inchboard,cinchboarda5@census.gov,Female,Support
Lawrence,Botley,lbotleya6@army.mil,Male,Product Management
Netta,Dewey,ndeweya7@wikimedia.org,Female,Product Management
Kimble,Riepl,kriepla8@google.co.uk,Male,Business Development
Jared,Perazzo,jperazzoa9@mashable.com,Male,Product Management
Hesther,Vallow,hvallowaa@businessweek.com,Female,Sales
Christa,Creser,ccreserab@wsj.com,Female,Engineering
Guthrey,Bagniuk,gbagniukac@youtu.be,Male,Engineering
Ike,Sollner,isollnerad@time.com,Male,Human Resources
Jenine,O'Currane,jocurraneae@hibu.com,Female,Services
Rusty,Hawken,rhawkenaf@dailymotion.com,Male,Research and Development
Tanney,Byforth,tbyforthag@bigcartel.com,Male,Accounting
Gauthier,Lamplough,glamploughah@a8.net,Male,Sales
Anders,Reburn,areburnai@mysql.com,Male,Services
Nonie,Yoskowitz,nyoskowitzaj@mediafire.com,Female,Training
Ange,Pilipets,apilipetsak@loc.gov,Male,Human Resources
Sydelle,Masic,smasical@google.ru,Female,Engineering
Anne-corinne,Childerley,achilderleyam@chronoengine.com,Female,Research and Development
Meier,Blackley,mblackleyan@mtv.com,Male,Research and Development
Randy,Van den Dael,rvandendaelao@amazon.de,Male,Marketing
Gerry,Conkling,gconklingap@godaddy.com,Male,Business Development
Aidan,Doldon,adoldonaq@arstechnica.com,Female,Services
Emelen,Renouf,erenoufar@domainmarket.com,Male,Product Management
Abbie,Coyle,acoyleas@gravatar.com,Male,Services
Viva,Kemet,vkemetat@geocities.jp,Female,Product Management
Kameko,Pechet,kpechetau@xing.com,Female,Research and Development
Christan,Marshallsay,cmarshallsayav@umich.edu,Female,Research and Development
Randell,Fieldgate,rfieldgateaw@vinaora.com,Male,Training
Deb,Orrow,dorrowax@earthlink.net,Female,Business Development
Jamie,Spieck,jspieckay@youku.com,Female,Accounting
Franky,Kigelman,fkigelmanaz@nsw.gov.au,Female,Services
Von,Egell,vegellb0@businessinsider.com,Male,Support
Sidonia,Symcox,ssymcoxb1@trellian.com,Female,Engineering
Suzy,Sayburn,ssayburnb2@soup.io,Female,Support
Cornell,Josskowitz,cjosskowitzb3@oracle.com,Male,Services
Pollyanna,Pizzey,ppizzeyb4@comsenz.com,Female,Accounting
Sam,Children,schildrenb5@oaic.gov.au,Female,Marketing
Philis,Dack,pdackb6@salon.com,Female,Support
Jordon,Strond,jstrondb7@nyu.edu,Male,Support
Garland,Gricewood,ggricewoodb8@omniture.com,Female,Support
Constantine,Lernihan,clernihanb9@wikipedia.org,Female,Accounting
Willetta,Vallender,wvallenderba@typepad.com,Female,Marketing
Cello,Taylorson,ctaylorsonbb@youtube.com,Male,Accounting
Nev,Clayton,nclaytonbc@instagram.com,Male,Research and Development
Pierette,Fawthrop,pfawthropbd@shop-pro.jp,Female,Legal
Obadiah,Lagne,olagnebe@wufoo.com,Male,Training
Der,Segeswoeth,dsegeswoethbf@pinterest.com,Male,Legal
Simone,Showte,sshowtebg@howstuffworks.com,Male,Marketing
Tabbie,Lambole,tlambolebh@hao123.com,Male,Engineering
Anette,Defont,adefontbi@usnews.com,Female,Support
Mychal,Hancock,mhancockbj@europa.eu,Male,Services
Petey,Syseland,psyselandbk@xrea.com,Male,Business Development
Roddy,Seacombe,rseacombebl@hostgator.com,Male,Legal
Kylynn,Crolla,kcrollabm@booking.com,Female,Product Management
Brunhilde,Kearney,bkearneybn@sakura.ne.jp,Female,Training
Ricoriki,Dohrmann,rdohrmannbo@paypal.com,Male,Business Development
Orsa,McIlharga,omcilhargabp@ifeng.com,Female,Human Resources
Leigh,Shawyer,lshawyerbq@biglobe.ne.jp,Male,Marketing
Giorgi,Remirez,gremirezbr@macromedia.com,Male,Legal
Shannan,Codman,scodmanbs@latimes.com,Male,Engineering
Ediva,Caslake,ecaslakebt@netlog.com,Female,Engineering
Lanny,Cronshaw,lcronshawbu@cbc.ca,Female,Support
Felix,Farris,ffarrisbv@reuters.com,Male,Marketing
Ethelda,Halwell,ehalwellbw@weebly.com,Female,Human Resources
Reeba,Esby,resbybx@xinhuanet.com,Female,Training
Dulce,McEachern,dmceachernby@dedecms.com,Female,Training
Lian,Brickhill,lbrickhillbz@usda.gov,Female,Accounting
Miguelita,Halsworth,mhalsworthc0@wiley.com,Female,Marketing
Terri,Rollason,trollasonc1@nhs.uk,Male,Business Development
Clim,Rosenbusch,crosenbuschc2@aol.com,Male,Support
Darnell,Antley,dantleyc3@skyrock.com,Male,Human Resources
Othello,Lunny,olunnyc4@google.it,Male,Product Management
Karna,Doyley,kdoyleyc5@salon.com,Female,Research and Development
Marna,Dockerty,mdockertyc6@berkeley.edu,Female,Marketing
Jermaine,Clewlowe,jclewlowec7@wunderground.com,Female,Training
Ambros,Barlas,abarlasc8@chicagotribune.com,Male,Services
Stefa,Platts,splattsc9@hud.gov,Female,Research and Development
Clayborne,Paintain,cpaintainca@blinklist.com,Male,Product Management
Hedy,Easterling,heasterlingcb@wisc.edu,Female,Business Development
Wes,Cockshot,wcockshotcc@google.ca,Male,Training
Kimbra,Moncreiff,kmoncreiffcd@miibeian.gov.cn,Female,Marketing
Delmore,Gerardeaux,dgerardeauxce@google.es,Male,Services
Christal,Englefield,cenglefieldcf@stanford.edu,Female,Product Management
Kip,Norridge,knorridgecg@yellowpages.com,Female,Research and Development
Ralf,Chase,rchasech@csmonitor.com,Male,Training
Adel,Strapp,astrappci@imageshack.us,Female,Sales
Biron,Noddings,bnoddingscj@europa.eu,Male,Sales
Erskine,Poxton,epoxtonck@tripadvisor.com,Male,Training
Errick,Longden,elongdencl@npr.org,Male,Accounting
Yanaton,Schoolfield,yschoolfieldcm@cloudflare.com,Male,Services
Clarissa,Dukes,cdukescn@wordpress.org,Female,Engineering
Micah,Ros,mrosco@instagram.com,Male,Legal
Angelico,Toffanelli,atoffanellicp@techcrunch.com,Male,Research and Development
Gunter,Blowing,gblowingcq@hao123.com,Male,Human Resources
Vera,O'Hickee,vohickeecr@home.pl,Female,Product Management
Birdie,Claiden,bclaidencs@photobucket.com,Female,Accounting
Betteanne,Cristofalo,bcristofaloct@msn.com,Female,Support
Alejandro,Liger,aligercu@unesco.org,Male,Accounting
Chloette,Ordidge,cordidgecv@t.co,Female,Support
Alie,Rattenbury,arattenburycw@cocolog-nifty.com,Female,Services
Brandice,Seefus,bseefuscx@princeton.edu,Female,Training
Susette,Glencrosche,sglencroschecy@cisco.com,Female,Business Development
Eben,Lowell,elowellcz@washingtonpost.com,Male,Product Management
Trev,McIlory,tmciloryd0@telegraph.co.uk,Male,Support
Kellen,Abbatini,kabbatinid1@printfriendly.com,Female,Research and Development
Jacobo,Kiljan,jkiljand2@telegraph.co.uk,Male,Accounting
Forrester,Dunckley,fdunckleyd3@exblog.jp,Male,Human Resources
Tyson,Ripping,trippingd4@nyu.edu,Male,Training
Peadar,Hendrik,phendrikd5@com.com,Male,Training
Junia,Manis,jmanisd6@princeton.edu,Female,Accounting
Justinn,Hartnell,jhartnelld7@netscape.com,Female,Research and Development
Gene,Nowaczyk,gnowaczykd8@arizona.edu,Male,Business Development
Donnell,Gresley,dgresleyd9@so-net.ne.jp,Male,Human Resources
Barnabas,O'Regan,boreganda@seesaa.net,Male,Product Management
Ara,Leonida,aleonidadb@omniture.com,Female,Product Management
Alyce,Dibling,adiblingdc@digg.com,Female,Legal
Jilly,Hooban,jhoobandd@wiley.com,Female,Support
Florenza,Ollin,follinde@elpais.com,Female,Product Management
Fulton,Hatto,fhattodf@cmu.edu,Male,Research and Development
Sheppard,Duerden,sduerdendg@thetimes.co.uk,Male,Product Management
Marja,Guise,mguisedh@abc.net.au,Female,Services
Tim,Woodrup,twoodrupdi@opensource.org,Female,Business Development
Halley,Bwy,hbwydj@independent.co.uk,Female,Legal
Deane,Valenta,dvalentadk@shinystat.com,Female,Marketing
Tyrus,Auten,tautendl@europa.eu,Male,Legal
Marga,Hateley,mhateleydm@cdc.gov,Female,Marketing
Xever,Cushion,xcushiondn@elpais.com,Male,Training
Keven,Gronauer,kgronauerdo@huffingtonpost.com,Male,Product Management
Nicoli,Vasey,nvaseydp@nasa.gov,Female,Support
Lucio,Occleshaw,loccleshawdq@comsenz.com,Male,Marketing
Gregory,Dowker,gdowkerdr@about.com,Male,Business Development
Diann,Cauthra,dcauthrads@drupal.org,Female,Sales
Ina,Aggott,iaggottdt@constantcontact.com,Female,Services
Clementia,Jansen,cjansendu@google.fr,Female,Business Development
Gillie,McGhee,gmcgheedv@w3.org,Female,Marketing
Ernst,Dundridge,edundridgedw@timesonline.co.uk,Male,Marketing
Elyse,Norker,enorkerdx@nature.com,Female,Research and Development
Clerkclaude,Whitehorne,cwhitehornedy@mozilla.org,Male,Support
Ahmed,Caldecutt,acaldecuttdz@stumbleupon.com,Male,Accounting
Jori,Kenan,jkenane0@desdev.cn,Female,Services
Tina,Mabbe,tmabbee1@aboutads.info,Female,Human Resources
Cahra,Sciacovelli,csciacovellie2@histats.com,Female,Training
Deane,Bardill,dbardille3@rambler.ru,Female,Accounting
Lief,Paolino,lpaolinoe4@taobao.com,Male,Sales
Lucita,Matovic,lmatovice5@howstuffworks.com,Female,Services
Joela,Lyon,jlyone6@nymag.com,Female,Engineering
Marius,Smy,msmye7@adobe.com,Male,Legal
Jeff,Sergean,jsergeane8@wisc.edu,Male,Support
Raoul,Smethurst,rsmethurste9@symantec.com,Male,Support
Lanie,Munro,lmunroea@hud.gov,Male,Support
Rod,Renachowski,rrenachowskieb@wp.com,Male,Engineering
Valene,Tree,vtreeec@cloudflare.com,Female,Accounting
Herculie,Lease,hleaseed@discuz.net,Male,Marketing
Alvy,D'Souza,adsouzaee@techcrunch.com,Male,Product Management
Gratia,Crinion,gcrinionef@typepad.com,Female,Marketing
Rowan,Gingle,rgingleeg@a8.net,Male,Business Development
Noah,Melin,nmelineh@nymag.com,Male,Business Development
Jami,Desbrow,jdesbrowei@imageshack.us,Female,Engineering
Rosamond,Rawson,rrawsonej@ovh.net,Female,Services
Edward,Poulston,epoulstonek@dailymotion.com,Male,Engineering
Granville,Oret,goretel@exblog.jp,Male,Sales
Derick,Campany,dcampanyem@wired.com,Male,Sales
Jarret,Attwoull,jattwoullen@ed.gov,Male,Human Resources
Alva,Cereceres,acerecereseo@xing.com,Male,Business Development
Urson,Kilday,ukildayep@pinterest.com,Male,Human Resources
Raffaello,Burbidge,rburbidgeeq@yahoo.co.jp,Male,Human Resources
Joyce,Mc Elory,jmceloryer@plala.or.jp,Female,Human Resources
Brant,Spaldin,bspaldines@forbes.com,Male,Product Management
Francesca,Mellenby,fmellenbyet@cnbc.com,Female,Support
Euell,Adamthwaite,eadamthwaiteeu@mashable.com,Male,Research and Development
Hatti,Brogan,hbroganev@pagesperso-orange.fr,Female,Research and Development
Kellby,McIlhatton,kmcilhattonew@wordpress.com,Male,Business Development
Zebedee,O' Markey,zomarkeyex@chicagotribune.com,Male,Sales
Piotr,Tesdale,ptesdaleey@infoseek.co.jp,Male,Engineering
Patrice,Denning,pdenningez@nhs.uk,Female,Legal
Ursola,Nickoles,unickolesf0@sphinn.com,Female,Support
Trudy,Cuxon,tcuxonf1@tiny.cc,Female,Business Development
Phillipp,Gloyens,pgloyensf2@ifeng.com,Male,Sales
Darbie,Caldecott,dcaldecottf3@ifeng.com,Female,Engineering
Caddric,Costy,ccostyf4@fastcompany.com,Male,Accounting
Devinne,Dorie,ddorief5@time.com,Female,Business Development
Duane,Byas,dbyasf6@storify.com,Male,Research and Development
Cherri,Jansie,cjansief7@bbb.org,Female,Engineering
Law,Gazzard,lgazzardf8@virginia.edu,Male,Engineering
Damon,Sherrin,dsherrinf9@sohu.com,Male,Research and Development
Miller,Gontier,mgontierfa@google.ru,Male,Support
Drusie,Redolfi,dredolfifb@theguardian.com,Female,Accounting
Austin,Andrzejak,aandrzejakfc@bloglines.com,Male,Research and Development
Claudine,Bolens,cbolensfd@shinystat.com,Female,Business Development
Doll,Maddrah,dmaddrahfe@scribd.com,Female,Product Management
Frasquito,Corryer,fcorryerff@mac.com,Male,Training
Rhea,Naulty,rnaultyfg@ocn.ne.jp,Female,Accounting
Jane,Wartnaby,jwartnabyfh@globo.com,Female,Legal
Lusa,Emmatt,lemmattfi@blogtalkradio.com,Female,Product Management
Cristian,Manville,cmanvillefj@ezinearticles.com,Male,Support
Hillier,Karmel,hkarmelfk@toplist.cz,Male,Support
Renee,Comiskey,rcomiskeyfl@dell.com,Female,Human Resources
Syman,Stammers,sstammersfm@spiegel.de,Male,Accounting
Clarette,Cockle,ccocklefn@yolasite.com,Female,Accounting
Hinze,Gresch,hgreschfo@xing.com,Male,Support
Mada,Simonutti,msimonuttifp@pen.io,Female,Engineering
Maia,Spatari,mspatarifq@dailymotion.com,Female,Engineering
Nelson,Deniset,ndenisetfr@yellowbook.com,Male,Engineering
Raf,Brophy,rbrophyfs@youtu.be,Female,Accounting
Thorin,Kirkby,tkirkbyft@vimeo.com,Male,Support
Garek,Klos,gklosfu@gravatar.com,Male,Marketing
Karlik,Milleton,kmilletonfv@fema.gov,Male,Support
Megan,Brea,mbreafw@wp.com,Female,Sales
Vince,Testin,vtestinfx@photobucket.com,Male,Sales
Atlante,Bysh,abyshfy@about.me,Female,Training
Rosabelle,Niven,rnivenfz@ca.gov,Female,Services
Christal,Tyrer,ctyrerg0@umich.edu,Female,Research and Development
Janek,Chelsom,jchelsomg1@github.com,Male,Accounting
Chicky,Dougherty,cdoughertyg2@google.it,Male,Engineering
Freddie,Arkil,farkilg3@reverbnation.com,Male,Training
Harlan,Gerrard,hgerrardg4@imdb.com,Male,Business Development
Lion,Casarili,lcasarilig5@accuweather.com,Male,Human Resources
Ivor,Scarlin,iscarling6@sourceforge.net,Male,Accounting
Anne-corinne,Flarity,aflarityg7@infoseek.co.jp,Female,Accounting
Kariotta,Fozzard,kfozzardg8@ox.ac.uk,Female,Engineering
Kessia,Aldiss,kaldissg9@ycombinator.com,Female,Marketing
Sterling,Thoms,sthomsga@answers.com,Male,Product Management
Bord,Oxterby,boxterbygb@networkadvertising.org,Male,Accounting
Ardith,Dearness,adearnessgc@usgs.gov,Female,Engineering
Winthrop,Cerman,wcermangd@un.org,Male,Product Management
Peg,Seilmann,pseilmannge@desdev.cn,Female,Accounting
Titos,Dunlap,tdunlapgf@miibeian.gov.cn,Male,Research and Development
Katine,Tapsell,ktapsellgg@lycos.com,Female,Engineering
Cornelia,McWilliam,cmcwilliamgh@boston.com,Female,Human Resources
Durward,Nabbs,dnabbsgi@canalblog.com,Male,Services
Saudra,Andryushchenko,sandryushchenkogj@artisteer.com,Female,Training
Susie,Bedding,sbeddinggk@mozilla.com,Female,Training
Darb,Pedel,dpedelgl@ft.com,Female,Sales
Jessica,Pilkinton,jpilkintongm@vistaprint.com,Female,Sales
Joyann,Bartoleyn,jbartoleyngn@webnode.com,Female,Accounting
Rouvin,Simka,rsimkago@comsenz.com,Male,Marketing
Benedikt,Inchboard,binchboardgp@51.la,Male,Accounting
Lenci,Pawlata,lpawlatagq@answers.com,Male,Services
Camella,Prattington,cprattingtongr@cloudflare.com,Female,Business Development
Sharia,Chastand,schastandgs@dailymotion.com,Female,Engineering
Dode,Nestoruk,dnestorukgt@xinhuanet.com,Female,Accounting
Teodoor,Dun,tdungu@arstechnica.com,Male,Marketing
Michael,Cockerill,mcockerillgv@issuu.com,Male,Training
Kermit,Bottinelli,kbottinelligw@ask.com,Male,Training
Dmitri,Varker,dvarkergx@multiply.com,Male,Business Development
Wendell,Bramwich,wbramwichgy@xinhuanet.com,Male,Human Resources
Editha,Picopp,epicoppgz@soup.io,Female,Support
Alejandrina,Gavan,agavanh0@dailymotion.com,Female,Product Management
Holly,Pagelsen,hpagelsenh1@bigcartel.com,Male,Business Development
Bogart,Ingerson,bingersonh2@ovh.net,Male,Accounting
Tabby,Redan,tredanh3@gravatar.com,Female,Human Resources
Tallou,Boutellier,tboutellierh4@tripod.com,Female,Training
Timmi,Mosedill,tmosedillh5@wired.com,Female,Engineering
Dewain,Tremellier,dtremellierh6@sakura.ne.jp,Male,Training
Vanda,Plumbley,vplumbleyh7@newsvine.com,Female,Engineering
Bowie,Twomey,btwomeyh8@example.com,Male,Training
Jillana,Loren,jlorenh9@intel.com,Female,Legal
Gavra,Braunstein,gbraunsteinha@naver.com,Female,Engineering
Alisun,Worman,awormanhb@arstechnica.com,Female,Engineering
Kahaleel,Grennan,kgrennanhc@weather.com,Male,Legal
Ellene,Andrews,eandrewshd@abc.net.au,Female,Product Management
Luther,Logsdail,llogsdailhe@pcworld.com,Male,Engineering
Cecily,Rean,creanhf@imageshack.us,Female,Research and Development
Willa,Disman,wdismanhg@whitehouse.gov,Female,Legal
Willy,Pond,wpondhh@europa.eu,Male,Engineering
Lutero,Primrose,lprimrosehi@earthlink.net,Male,Accounting
Emmott,Skelhorn,eskelhornhj@mit.edu,Male,Services
Mickie,Bexon,mbexonhk@w3.org,Female,Support
Rolando,Atte-Stone,rattestonehl@yellowbook.com,Male,Research and Development
Dody,Gurr,dgurrhm@rediff.com,Female,Sales
Bartlet,Firpi,bfirpihn@hostgator.com,Male,Product Management
Terese,Foskin,tfoskinho@europa.eu,Female,Legal
Rab,Lebang,rlebanghp@blogs.com,Male,Product Management
Adelaide,Babalola,ababalolahq@java.com,Female,Legal
Blondell,Bowshire,bbowshirehr@is.gd,Female,Support
Armstrong,Blackwell,ablackwellhs@creativecommons.org,Male,Human Resources
Durante,Stainer,dstainerht@fc2.com,Male,Support
Engracia,Dyde,edydehu@bing.com,Female,Human Resources
Madalena,Romke,mromkehv@cyberchimps.com,Female,Training
Stephenie,Colliar,scolliarhw@canalblog.com,Female,Training
Seka,McCraine,smccrainehx@forbes.com,Female,Research and Development
Olwen,Magarrell,omagarrellhy@state.gov,Female,Services
Nathan,Jellett,njelletthz@state.tx.us,Male,Engineering
Consalve,Ness,cnessi0@narod.ru,Male,Legal
Papagena,Chesshyre,pchesshyrei1@ow.ly,Female,Research and Development
Francyne,Screach,fscreachi2@ibm.com,Female,Human Resources
Ingamar,Deegin,ideegini3@t-online.de,Male,Accounting
Faulkner,Sambell,fsambelli4@globo.com,Male,Legal
Liza,Bowsher,lbowsheri5@apache.org,Female,Sales
Cosme,Mitchenson,cmitchensoni6@forbes.com,Male,Product Management
Alexia,Tolcher,atolcheri7@google.com.br,Female,Business Development
Mae,McGlue,mmcgluei8@businessinsider.com,Female,Marketing
Kip,Mayworth,kmayworthi9@mozilla.com,Female,Sales
Nannette,Foxcroft,nfoxcroftia@mit.edu,Female,Research and Development
Terrell,Gandar,tgandarib@dot.gov,Male,Product Management
Tess,Yashaev,tyashaevic@mit.edu,Female,Sales
Berenice,Juarez,bjuarezid@globo.com,Female,Support
April,De Rechter,aderechterie@example.com,Female,Product Management
Conrade,Birnie,cbirnieif@mayoclinic.com,Male,Human Resources
Isiahi,Eady,ieadyig@artisteer.com,Male,Product Management
Arlen,Franchi,afranchiih@domainmarket.com,Male,Product Management
Cathrin,Elijahu,celijahuii@narod.ru,Female,Accounting
Ginny,De'Vere - Hunt,gdeverehuntij@house.gov,Female,Research and Development
Larine,Resun,lresunik@geocities.jp,Female,Support
Rustie,Schaffler,rschaffleril@barnesandnoble.com,Male,Accounting
Marius,Kinnon,mkinnonim@youtu.be,Male,Accounting
Berny,Gladhill,bgladhillin@typepad.com,Male,Support
Hilde,Mibourne,hmibourneio@infoseek.co.jp,Female,Training
Chariot,Lindwall,clindwallip@vkontakte.ru,Male,Services
Paige,Addey,paddeyiq@xrea.com,Female,Research and Development
Annemarie,Vermer,avermerir@columbia.edu,Female,Support
Trace,Lambertz,tlambertzis@joomla.org,Male,Legal
Timothy,Cottingham,tcottinghamit@jiathis.com,Male,Marketing
Conny,Capstaff,ccapstaffiu@miibeian.gov.cn,Female,Training
Madel,Mc Mechan,mmcmechaniv@mysql.com,Female,Research and Development
Humfrid,Wootton,hwoottoniw@latimes.com,Male,Support
Heda,Elmore,helmoreix@china.com.cn,Female,Support
Nealy,Hammell,nhammelliy@godaddy.com,Male,Research and Development
Guy,Nassau,gnassauiz@jalbum.net,Male,Product Management
Bertie,Tenaunt,btenauntj0@ucsd.edu,Male,Accounting
Robinet,Shawel,rshawelj1@wix.com,Female,Services
Jeffie,Jaqueme,jjaquemej2@delicious.com,Male,Sales
Dwight,Vann,dvannj3@wordpress.org,Male,Product Management
Aurelie,Dutch,adutchj4@eventbrite.com,Female,Services
Minna,Fergyson,mfergysonj5@discovery.com,Female,Marketing
Pete,Bengle,pbenglej6@addtoany.com,Male,Marketing
Ernest,Denis,edenisj7@example.com,Male,Human Resources
Chester,Daleman,cdalemanj8@webeden.co.uk,Male,Marketing
Marlo,Blunkett,mblunkettj9@chron.com,Female,Engineering
Susi,Wookey,swookeyja@netvibes.com,Female,Accounting
Hedvige,Brute,hbrutejb@furl.net,Female,Human Resources
Demetrius,Burdin,dburdinjc@wufoo.com,Male,Services
Banky,Wittrington,bwittringtonjd@marriott.com,Male,Marketing
Cad,Itzcovichch,citzcovichchje@mashable.com,Male,Business Development
Merrili,Geely,mgeelyjf@miibeian.gov.cn,Female,Engineering
Aloise,Giff,agiffjg@dedecms.com,Female,Support
Celestyn,Ollerhad,collerhadjh@sphinn.com,Female,Product Management
Graham,Kneeland,gkneelandji@phoca.cz,Male,Training
Katharyn,Bittlestone,kbittlestonejj@xing.com,Female,Services
Erma,Sainteau,esainteaujk@dot.gov,Female,Training
Stephenie,Ferris,sferrisjl@abc.net.au,Female,Legal
Mathias,Mugridge,mmugridgejm@unblog.fr,Male,Services
Sterne,Maggi,smaggijn@toplist.cz,Male,Accounting
Farlie,Bloodworthe,fbloodworthejo@mysql.com,Male,Training
Iorgos,Earengey,iearengeyjp@gravatar.com,Male,Engineering
Wittie,Mc Kellen,wmckellenjq@psu.edu,Male,Services
Llywellyn,Painten,lpaintenjr@oracle.com,Male,Engineering
Marlo,Sare,msarejs@usgs.gov,Female,Human Resources
Maury,Fasey,mfaseyjt@blogspot.com,Male,Product Management
Gallagher,Hounsom,ghounsomju@artisteer.com,Male,Human Resources
Rhianna,Brogan,rbroganjv@stumbleupon.com,Female,Business Development
Katleen,Barbier,kbarbierjw@moonfruit.com,Female,Training
Vivianne,Bibb,vbibbjx@spotify.com,Female,Sales
Lyman,Janic,ljanicjy@cmu.edu,Male,Business Development
Sadella,Dannett,sdannettjz@oracle.com,Female,Training
Roxana,Leeburne,rleeburnek0@sfgate.com,Female,Sales
Jeanine,Learoyde,jlearoydek1@ning.com,Female,Accounting
Sonnie,Bottell,sbottellk2@dell.com,Female,Services
Hadleigh,Kleen,hkleenk3@walmart.com,Male,Research and Development
Wilhelmina,Ayris,wayrisk4@nydailynews.com,Female,Business Development
Floyd,Clavey,fclaveyk5@fema.gov,Male,Engineering
Jamil,Pasque,jpasquek6@gmpg.org,Male,Sales
Ximenez,Bohden,xbohdenk7@businessweek.com,Male,Support
Eugene,Neilly,eneillyk8@senate.gov,Male,Sales
Jarid,Skidmore,jskidmorek9@slashdot.org,Male,Marketing
Leslie,McNicol,lmcnicolka@paginegialle.it,Female,Legal
Grantley,Hancell,ghancellkb@fastcompany.com,Male,Product Management
Christean,Renzullo,crenzullokc@vkontakte.ru,Female,Support
Van,Sprowles,vsprowleskd@w3.org,Female,Engineering
Bonnie,Filipson,bfilipsonke@ifeng.com,Female,Product Management
Carney,Liddell,cliddellkf@ca.gov,Male,Business Development
Ana,Biaggioni,abiaggionikg@acquirethisname.com,Female,Research and Development
Doralynn,Henriques,dhenriqueskh@nature.com,Female,Engineering
Fabio,Farquar,ffarquarki@cbsnews.com,Male,Support
Linoel,Dunkerton,ldunkertonkj@yahoo.co.jp,Male,Research and Development
Dunn,Cisneros,dcisneroskk@privacy.gov.au,Male,Training
Gaile,Sommerlie,gsommerliekl@godaddy.com,Male,Business Development
Jackson,Aylen,jaylenkm@ifeng.com,Male,Product Management
Dyann,Bowstead,dbowsteadkn@goo.gl,Female,Sales
Charlean,McGerr,cmcgerrko@flickr.com,Female,Research and Development
Koenraad,Barry,kbarrykp@yolasite.com,Male,Marketing
Arleen,Sillars,asillarskq@businessinsider.com,Female,Accounting
Carlota,Tyre,ctyrekr@washingtonpost.com,Female,Marketing
Terry,Hussey,thusseyks@blogspot.com,Female,Product Management
Luther,Macia,lmaciakt@webmd.com,Male,Marketing
Lowe,Harbin,lharbinku@ezinearticles.com,Male,Sales
Phaedra,Butterfill,pbutterfillkv@psu.edu,Female,Services
Britta,Keeling,bkeelingkw@columbia.edu,Female,Business Development
Kylynn,MacCollom,kmaccollomkx@ifeng.com,Female,Legal
Katrinka,Gaytor,kgaytorky@seattletimes.com,Female,Legal
Aigneis,Bydaway,abydawaykz@usatoday.com,Female,Marketing
Sheffy,Yare,syarel0@google.nl,Male,Human Resources
Burke,MacKain,bmackainl1@dion.ne.jp,Male,Accounting
Tova,Ferebee,tferebeel2@shinystat.com,Female,Accounting
Nicole,Harlin,nharlinl3@answers.com,Female,Accounting
Karel,Bazylets,kbazyletsl4@google.nl,Male,Research and Development
Davie,Howe,dhowel5@ox.ac.uk,Male,Marketing
Elliott,Sneezem,esneezeml6@opensource.org,Male,Marketing
Jorry,Firsby,jfirsbyl7@wikimedia.org,Female,Marketing
Davine,Carlton,dcarltonl8@goo.gl,Female,Accounting
Kass,Cleef,kcleefl9@last.fm,Female,Marketing
Lorine,Worgen,lworgenla@slideshare.net,Female,Research and Development
Dev,Felten,dfeltenlb@blog.com,Male,Business Development
Fabio,Eliff,felifflc@microsoft.com,Male,Research and Development
Conny,Tweed,ctweedld@naver.com,Male,Accounting
Hort,Dilks,hdilksle@163.com,Male,Services
Tristam,Haliday,thalidaylf@lycos.com,Male,Business Development
Mal,Balog,mbaloglg@bloomberg.com,Male,Training
Verina,Tudhope,vtudhopelh@pagesperso-orange.fr,Female,Marketing
Cristian,Matoshin,cmatoshinli@google.ru,Male,Product Management
Felita,Rawkesby,frawkesbylj@angelfire.com,Female,Training
Perry,Matusevich,pmatusevichlk@tripadvisor.com,Male,Product Management
Dorey,MacGaughy,dmacgaughyll@chicagotribune.com,Male,Product Management
Olva,Larimer,olarimerlm@bandcamp.com,Female,Engineering
Cordula,Elijah,celijahln@jalbum.net,Female,Business Development
Leoine,Wandrach,lwandrachlo@behance.net,Female,Engineering
Andria,Nuttey,anutteylp@jiathis.com,Female,Business Development
Opal,Hellings,ohellingslq@vimeo.com,Female,Support
Shaine,Benning,sbenninglr@nationalgeographic.com,Female,Services
Garnette,Leebeter,gleebeterls@posterous.com,Female,Product Management
Weston,Janusik,wjanusiklt@hibu.com,Male,Sales
Nicol,Dwerryhouse,ndwerryhouselu@wikispaces.com,Male,Sales
Berkly,Clougher,bclougherlv@prweb.com,Male,Legal
Gizela,Kondratovich,gkondratovichlw@elpais.com,Female,Business Development
Francois,Toffano,ftoffanolx@mozilla.org,Male,Services
Corey,Leppo,cleppoly@phoca.cz,Female,Engineering
Mady,Downham,mdownhamlz@list-manage.com,Female,Accounting
Shea,Woller,swollerm0@latimes.com,Female,Human Resources
Angie,Rhoddie,arhoddiem1@mac.com,Male,Accounting
Bernhard,Kuna,bkunam2@chronoengine.com,Male,Training
Andreas,Burge,aburgem3@twitter.com,Male,Legal
Sumner,Donkersley,sdonkersleym4@businessinsider.com,Male,Accounting
Matthiew,Didball,mdidballm5@google.com,Male,Legal
Bette,Laidel,blaidelm6@sfgate.com,Female,Services
Philippe,Antoszczyk,pantoszczykm7@soup.io,Female,Human Resources
Ardelle,Raith,araithm8@ovh.net,Female,Marketing
Gaspard,Febry,gfebrym9@nba.com,Male,Accounting
Forster,Seal,fsealma@usa.gov,Male,Services
Rhys,Mibourne,rmibournemb@earthlink.net,Male,Product Management
Sheilah,Mallock,smallockmc@myspace.com,Female,Services
Ines,Klimentyonok,iklimentyonokmd@umn.edu,Female,Marketing
Dall,Piatkow,dpiatkowme@kickstarter.com,Male,Research and Development
Annalee,Geal,agealmf@skype.com,Female,Sales
Jaclin,Brawley,jbrawleymg@slate.com,Female,Business Development
Correy,Turfitt,cturfittmh@cdbaby.com,Male,Accounting
Pavlov,Louche,plouchemi@friendfeed.com,Male,Training
Emmanuel,Wordsley,ewordsleymj@networksolutions.com,Male,Training
Anna-diana,Izkovici,aizkovicimk@sina.com.cn,Female,Sales
Killie,Franklyn,kfranklynml@howstuffworks.com,Male,Accounting
Lise,Gresswell,lgresswellmm@squarespace.com,Female,Services
Arney,Mantram,amantrammn@domainmarket.com,Male,Marketing
Ely,Robichon,erobichonmo@yolasite.com,Male,Legal
Neda,O'Keefe,nokeefemp@sakura.ne.jp,Female,Research and Development
Alida,Faragher,afaraghermq@wikimedia.org,Female,Accounting
Powell,Tuting,ptutingmr@statcounter.com,Male,Training
Fonsie,Gilluley,fgilluleyms@intel.com,Male,Marketing
Mose,Carless,mcarlessmt@infoseek.co.jp,Male,Human Resources
Durante,Bausmann,dbausmannmu@amazon.de,Male,Engineering
Rafi,Leathley,rleathleymv@bigcartel.com,Male,Business Development
Janot,Abramamovh,jabramamovhmw@seattletimes.com,Female,Engineering
Patrice,Menear,pmenearmx@dropbox.com,Female,Engineering
Carmita,Mackness,cmacknessmy@amazon.de,Female,Accounting
Jim,MacGiffin,jmacgiffinmz@google.co.jp,Male,Sales
Dulcie,Enriques,denriquesn0@zimbio.com,Female,Research and Development
Daniella,Pawsey,dpawseyn1@aboutads.info,Female,Services
Sasha,Ugolini,sugolinin2@webmd.com,Female,Product Management
Delmar,Mettricke,dmettricken3@linkedin.com,Male,Accounting
Candace,Yarranton,cyarrantonn4@stumbleupon.com,Female,Marketing
Geno,Sillis,gsillisn5@lulu.com,Male,Support
Artur,Grzegorczyk,agrzegorczykn6@skype.com,Male,Support
Maurits,Sails,msailsn7@go.com,Male,Engineering
Paddy,Busch,pbuschn8@prweb.com,Male,Training
Nichol,Candlin,ncandlinn9@google.co.jp,Female,Product Management
Forster,Roseburgh,froseburghna@webs.com,Male,Engineering
Reynard,Buckoke,rbuckokenb@people.com.cn,Male,Research and Development
Hussein,Huckfield,hhuckfieldnc@cornell.edu,Male,Product Management
Hermy,Tangye,htangyend@e-recht24.de,Male,Services
Raymund,Lassen,rlassenne@cbc.ca,Male,Human Resources
Vidovik,Tirkin,vtirkinnf@plala.or.jp,Male,Legal
Margret,Imlach,mimlachng@mozilla.org,Female,Business Development
Phedra,Liveing,pliveingnh@360.cn,Female,Sales
Max,Prettyman,mprettymanni@disqus.com,Female,Support
Carley,Grishinov,cgrishinovnj@cnet.com,Female,Services
Boone,Durno,bdurnonk@flickr.com,Male,Accounting
Domini,Dobrowolski,ddobrowolskinl@github.com,Female,Business Development
Tobin,Jonuzi,tjonuzinm@infoseek.co.jp,Male,Research and Development
Louisette,Summersett,lsummersettnn@mail.ru,Female,Business Development
Scot,Braycotton,sbraycottonno@uol.com.br,Male,Engineering
Renie,Brookbank,rbrookbanknp@tiny.cc,Female,Engineering
Gerrard,Espada,gespadanq@shop-pro.jp,Male,Services
Reid,Gourley,rgourleynr@ted.com,Male,Support
Tania,Douce,tdoucens@wunderground.com,Female,Marketing
Brynn,Elnough,belnoughnt@mapquest.com,Female,Sales
Lois,Kaiser,lkaisernu@netlog.com,Female,Marketing
Audrey,Foukx,afoukxnv@squarespace.com,Female,Human Resources
Randall,Seamer,rseamernw@utexas.edu,Male,Research and Development
Ferrell,Dalliston,fdallistonnx@gravatar.com,Male,Business Development
Elyn,MacGray,emacgrayny@aol.com,Female,Legal
Wanids,Lee,wleenz@networkadvertising.org,Female,Research and Development
Ilysa,Rasch,irascho0@arstechnica.com,Female,Human Resources
Louella,MacPadene,lmacpadeneo1@phoca.cz,Female,Marketing
Jaine,Rousby,jrousbyo2@blogs.com,Female,Human Resources
Vidovic,Gerholz,vgerholzo3@bluehost.com,Male,Legal
Roch,Carncross,rcarncrosso4@independent.co.uk,Female,Sales
Herman,Whittall,hwhittallo5@cnn.com,Male,Legal
Jacinda,Danjoie,jdanjoieo6@xrea.com,Female,Sales
Dallis,Dentith,ddentitho7@people.com.cn,Male,Engineering
Sumner,Hannay,shannayo8@mail.ru,Male,Training
Kathye,Di Baudi,kdibaudio9@ox.ac.uk,Female,Sales
Madge,Schout,mschoutoa@wunderground.com,Female,Sales
Andra,Walker,awalkerob@cargocollective.com,Female,Engineering
Kev,Cluckie,kcluckieoc@ebay.co.uk,Male,Engineering
Maggee,Danshin,mdanshinod@nih.gov,Female,Research and Development
Liz,Tidgewell,ltidgewelloe@google.it,Female,Legal
Goraud,McPeck,gmcpeckof@blogtalkradio.com,Male,Training
Nellie,Annice,nanniceog@weibo.com,Female,Business Development
Witty,Shalliker,wshallikeroh@is.gd,Male,Legal
Fay,Cordero,fcorderooi@epa.gov,Female,Legal
Callida,Yuryichev,cyuryichevoj@bloglines.com,Female,Human Resources
Oona,Heskin,oheskinok@japanpost.jp,Female,Services
Jennee,Mower,jmowerol@mit.edu,Female,Business Development
Ernesto,Kippin,ekippinom@netlog.com,Male,Engineering
Yoshiko,Dixie,ydixieon@toplist.cz,Female,Marketing
Holden,Ellinor,hellinoroo@arstechnica.com,Male,Research and Development
Corbie,Caspell,ccaspellop@youtu.be,Male,Human Resources
Christel,Aicheson,caichesonoq@google.com.au,Female,Services
Jewell,O'Lennachain,jolennachainor@sbwire.com,Female,Sales
Lexis,Balcon,lbalconos@clickbank.net,Female,Support
Jacquenetta,Belbin,jbelbinot@slate.com,Female,Research and Development
Clare,Suggett,csuggettou@purevolume.com,Female,Engineering
Grete,Turone,gturoneov@jugem.jp,Female,Legal
Emmeline,Tipler,etiplerow@yelp.com,Female,Sales
Gaby,Scrymgeour,gscrymgeourox@friendfeed.com,Male,Support
King,Goodwin,kgoodwinoy@51.la,Male,Business Development
Pennie,Bridell,pbridelloz@netscape.com,Female,Accounting
Talyah,Colquitt,tcolquittp0@newyorker.com,Female,Human Resources
Randi,Melling,rmellingp1@blogs.com,Male,Business Development
Hally,Morrice,hmorricep2@e-recht24.de,Female,Accounting
Flemming,McCathay,fmccathayp3@meetup.com,Male,Product Management
Brnaby,Seignior,bseigniorp4@vimeo.com,Male,Services
Darcey,Woodger,dwoodgerp5@csmonitor.com,Female,Support
Annice,Parcell,aparcellp6@ucoz.com,Female,Sales
Jeramie,Tokley,jtokleyp7@elpais.com,Male,Accounting
Jakie,Molson,jmolsonp8@yandex.ru,Male,Human Resources
Francene,Hamber,fhamberp9@addtoany.com,Female,Human Resources
Quintus,Sutch,qsutchpa@virginia.edu,Male,Business Development
Ferrel,Archbell,farchbellpb@si.edu,Male,Product Management
Nevile,Levi,nlevipc@skype.com,Male,Research and Development
Mandie,Izzat,mizzatpd@360.cn,Female,Services
Chan,Russam,crussampe@addtoany.com,Male,Business Development
Hoebart,Woolfall,hwoolfallpf@ox.ac.uk,Male,Training
Astrix,Kunisch,akunischpg@usatoday.com,Female,Training
Alphard,Bletso,abletsoph@51.la,Male,Legal
Rafa,Mucklo,rmucklopi@shop-pro.jp,Female,Human Resources
Washington,Castagneri,wcastagneripj@sina.com.cn,Male,Business Development
Hayward,Aspden,haspdenpk@imgur.com,Male,Training
Sherwood,Quinton,squintonpl@omniture.com,Male,Research and Development
Sissie,Petrosian,spetrosianpm@mac.com,Female,Research and Development
Margi,Threlkeld,mthrelkeldpn@sakura.ne.jp,Female,Sales
Celestyn,Bollom,cbollompo@bing.com,Female,Legal
Viole,Rioch,vriochpp@ucla.edu,Female,Marketing
Rhoda,Tock,rtockpq@youku.com,Female,Research and Development
Jo ann,Tutsell,jtutsellpr@drupal.org,Female,Training
Letisha,Starbuck,lstarbuckps@flavors.me,Female,Business Development
Adelbert,Chellingworth,achellingworthpt@lulu.com,Male,Product Management
Mason,Gurnay,mgurnaypu@tumblr.com,Male,Sales
Brigit,Broadhurst,bbroadhurstpv@mysql.com,Female,Human Resources
Katherina,Meriott,kmeriottpw@zimbio.com,Female,Sales
Hewett,Gownge,hgowngepx@dailymail.co.uk,Male,Marketing
Sydney,Dymick,sdymickpy@freewebs.com,Female,Training
Gwendolen,Bellham,gbellhampz@jugem.jp,Female,Business Development
Kacy,Oake,koakeq0@auda.org.au,Female,Research and Development
Marena,Goggins,mgogginsq1@umn.edu,Female,Marketing
Jeno,Jordine,jjordineq2@stumbleupon.com,Male,Legal
Inger,Kinavan,ikinavanq3@lycos.com,Male,Marketing
Kit,Robey,krobeyq4@canalblog.com,Male,Legal
Skippy,Josey,sjoseyq5@loc.gov,Male,Training
Alanson,Pischof,apischofq6@skyrock.com,Male,Human Resources
Merry,Barabich,mbarabichq7@etsy.com,Male,Training
Galina,McGuiney,gmcguineyq8@nature.com,Female,Engineering
Berri,Najafian,bnajafianq9@statcounter.com,Female,Engineering
Lionello,Bortolini,lbortoliniqa@eventbrite.com,Male,Support
Elvis,Norsister,enorsisterqb@hexun.com,Male,Training
Onida,Godbert,ogodbertqc@usda.gov,Female,Human Resources
Mame,Bernlin,mbernlinqd@mapy.cz,Female,Engineering
Irv,Braham,ibrahamqe@istockphoto.com,Male,Sales
Codi,Stritton,cstrittonqf@smugmug.com,Male,Accounting
Verena,"Masser,",vmasserqg@webmd.com,Female,Business Development
Jenni,Gallie,jgallieqh@umich.edu,Female,Research and Development
Bridget,Saer,bsaerqi@kickstarter.com,Female,Engineering
Arabella,McEvon,amcevonqj@domainmarket.com,Female,Marketing
Vito,Matthesius,vmatthesiusqk@squarespace.com,Male,Research and Development
Barclay,Andrusyak,bandrusyakql@webnode.com,Male,Research and Development
Hal,Bantock,hbantockqm@cloudflare.com,Male,Sales
Silva,Greensitt,sgreensittqn@wikispaces.com,Female,Training
Berkie,Dadley,bdadleyqo@mlb.com,Male,Accounting
Mordecai,Kilcullen,mkilcullenqp@businessinsider.com,Male,Services
Barnaby,Crudginton,bcrudgintonqq@4shared.com,Male,Accounting
Steffane,Birch,sbirchqr@sphinn.com,Female,Human Resources
Johnny,Strass,jstrassqs@uiuc.edu,Male,Services
Ileane,Rickersey,irickerseyqt@istockphoto.com,Female,Support
Natassia,Weine,nweinequ@springer.com,Female,Business Development
Rosabella,Nassie,rnassieqv@macromedia.com,Female,Legal
Sheelah,Tresler,streslerqw@wired.com,Female,Services
Cherry,Dugall,cdugallqx@mlb.com,Female,Business Development
Consolata,Torrance,ctorranceqy@pen.io,Female,Business Development
Giustino,Mowne,gmowneqz@gmpg.org,Male,Engineering
Falkner,Seiler,fseilerr0@paypal.com,Male,Sales
Adam,Becconsall,abecconsallr1@networksolutions.com,Male,Accounting
Tammie,Ghent,tghentr2@home.pl,Female,Accounting
Ruby,Witul,rwitulr3@shutterfly.com,Male,Marketing
Mariel,Vannah,mvannahr4@ibm.com,Female,Marketing
Marcy,Prover,mproverr5@dyndns.org,Female,Research and Development
Minda,Webb,mwebbr6@unicef.org,Female,Legal
Grayce,Hellmer,ghellmerr7@ezinearticles.com,Female,Marketing
Marion,Tabord,mtabordr8@1und1.de,Male,Business Development
Gerardo,Hinkins,ghinkinsr9@telegraph.co.uk,Male,Legal
Gilburt,Alexsandrev,galexsandrevra@macromedia.com,Male,Sales
Templeton,Orcott,torcottrb@mapy.cz,Male,Business Development
Agatha,Glendza,aglendzarc@meetup.com,Female,Services
Annie,Paolacci,apaolaccird@globo.com,Female,Sales
Cindi,Knowler,cknowlerre@skype.com,Female,Training
Dominic,Spellecy,dspellecyrf@comcast.net,Male,Training
Julissa,Burwood,jburwoodrg@list-manage.com,Female,Product Management
Nettle,Oxbrough,noxbroughrh@printfriendly.com,Female,Research and Development
Thebault,Lampen,tlampenri@goo.ne.jp,Male,Training
Lauraine,Torrecilla,ltorrecillarj@moonfruit.com,Female,Engineering
Dona,Durgan,ddurganrk@chronoengine.com,Female,Accounting
Niles,Alcorn,nalcornrl@wp.com,Male,Human Resources
Daphene,Dufall,ddufallrm@intel.com,Female,Business Development
Lydia,Shapera,lshaperarn@furl.net,Female,Training
Dale,Andrey,dandreyro@angelfire.com,Male,Human Resources
Wylma,Counter,wcounterrp@reddit.com,Female,Services
Wes,Sanford,wsanfordrq@zimbio.com,Male,Business Development
Gwenni,Welfare,gwelfarerr@geocities.jp,Female,Sales
